{
  "nsmc": {
    "exaone3.5": {
      "해체-해요체": {
        "mean_diff": 0.005,
        "ci90": [
          0.0003333333333333333,
          0.009666666666666667
        ],
        "equivalent": true
      },
      "해체-하십시오체": {
        "mean_diff": 0.006,
        "ci90": [
          0.0016666666666666672,
          0.010333333333333333
        ],
        "equivalent": true
      },
      "해요체-하십시오체": {
        "mean_diff": 0.0010000000000000005,
        "ci90": [
          -0.002333333333333333,
          0.004000000000000001
        ],
        "equivalent": true
      }
    },
    "qwen3": {
      "해체-해요체": {
        "mean_diff": 0.0009999999999999996,
        "ci90": [
          -0.003666666666666667,
          0.005666666666666666
        ],
        "equivalent": true
      },
      "해체-하십시오체": {
        "mean_diff": -0.004,
        "ci90": [
          -0.009000000000000001,
          0.0009999999999999992
        ],
        "equivalent": true
      },
      "해요체-하십시오체": {
        "mean_diff": -0.005,
        "ci90": [
          -0.008333333333333333,
          -0.0019999999999999996
        ],
        "equivalent": true
      }
    },
    "llama3.1": {
      "해체-해요체": {
        "mean_diff": -0.013666666666666667,
        "ci90": [
          -0.020333333333333335,
          -0.007000000000000002
        ],
        "equivalent": false
      },
      "해체-하십시오체": {
        "mean_diff": -0.014666666666666668,
        "ci90": [
          -0.021666666666666667,
          -0.007666666666666667
        ],
        "equivalent": false
      },
      "해요체-하십시오체": {
        "mean_diff": -0.0009999999999999996,
        "ci90": [
          -0.005,
          0.003000000000000001
        ],
        "equivalent": true
      }
    }
  },
  "copa": {
    "exaone3.5": {
      "해체-해요체": {
        "mean_diff": 0.002333333333333334,
        "ci90": [
          -0.0009999999999999998,
          0.005666666666666667
        ],
        "equivalent": true
      },
      "해체-하십시오체": {
        "mean_diff": 0.0006666666666666666,
        "ci90": [
          -0.002333333333333334,
          0.003666666666666667
        ],
        "equivalent": true
      },
      "해요체-하십시오체": {
        "mean_diff": -0.0016666666666666672,
        "ci90": [
          -0.004666666666666666,
          0.001
        ],
        "equivalent": true
      }
    },
    "qwen3": {
      "해체-해요체": {
        "mean_diff": 0.01566666666666667,
        "ci90": [
          0.009333333333333334,
          0.022000000000000002
        ],
        "equivalent": false
      },
      "해체-하십시오체": {
        "mean_diff": 0.012,
        "ci90": [
          0.005666666666666668,
          0.018349999999999762
        ],
        "equivalent": true
      },
      "해요체-하십시오체": {
        "mean_diff": -0.0036666666666666675,
        "ci90": [
          -0.007333333333333334,
          -7.743805596760871e-19
        ],
        "equivalent": true
      }
    },
    "llama3.1": {
      "해체-해요체": {
        "mean_diff": 0.004000000000000002,
        "ci90": [
          -0.0033333333333333335,
          0.011333333333333336
        ],
        "equivalent": true
      },
      "해체-하십시오체": {
        "mean_diff": 0.014333333333333335,
        "ci90": [
          0.006333333333333336,
          0.022333333333333337
        ],
        "equivalent": false
      },
      "해요체-하십시오체": {
        "mean_diff": 0.010333333333333335,
        "ci90": [
          0.005000000000000001,
          0.01566666666666667
        ],
        "equivalent": true
      }
    }
  }
}