{
  "nsmc": {
    "method": "GEE(exchangeable, cluster=item)",
    "chi2": 53.0,
    "df": 10,
    "p": 7.545255254878857e-08
  },
  "copa": {
    "method": "GEE(exchangeable, cluster=item)",
    "chi2": 118.3,
    "df": 10,
    "p": 1.1018214361004114e-20
  }
}