{
  "exaone3.5": {
    "평어": {
      "acc": 0.8666666666666666,
      "obj_hon_rate": 0.011666666666666667
    },
    "존대": {
      "acc": 0.8683333333333333,
      "obj_hon_rate": 0.05000000000000001
    }
  },
  "qwen3": {
    "평어": {
      "acc": 0.895,
      "obj_hon_rate": 0.0
    },
    "존대": {
      "acc": 0.8633333333333333,
      "obj_hon_rate": 0.10666666666666667
    }
  },
  "llama3.1": {
    "평어": {
      "acc": 0.7433333333333333,
      "obj_hon_rate": 0.0033333333333333335
    },
    "존대": {
      "acc": 0.8150000000000001,
      "obj_hon_rate": 0.023333333333333334
    }
  }
}