size,level,어체,acc
2.4B,1,해라체,0.857
2.4B,2,해체,0.8676666666666667
2.4B,3,하게체,0.8016666666666666
2.4B,4,하오체,0.7836666666666666
2.4B,5,해요체,0.8636666666666667
2.4B,6,하십시오체,0.8656666666666667
7.8B,1,해라체,0.9303333333333333
7.8B,2,해체,0.9286666666666666
7.8B,3,하게체,0.85
7.8B,4,하오체,0.9256666666666666
7.8B,5,해요체,0.9263333333333333
7.8B,6,하십시오체,0.928
