model,template,form,n_tokens,하게체,해라체,delta
exaone3.5,1,골라 보게,2,0.911,0.937,-0.026000000000000023
exaone3.5,2,판단해 주게,2,0.935,0.937,-0.0020000000000000018
exaone3.5,3,골라 보게나,3,0.704,0.917,-0.21300000000000008
llama3.1,1,골라 보게,2,0.805,0.822,-0.016999999999999904
llama3.1,2,판단해 주게,2,0.848,0.843,0.0050000000000000044
llama3.1,3,골라 보게나,3,0.677,0.748,-0.07099999999999995
qwen3,1,골라 보게,2,0.879,0.891,-0.01200000000000001
qwen3,2,판단해 주게,2,0.886,0.887,-0.0010000000000000009
qwen3,3,골라 보게나,3,0.838,0.867,-0.029000000000000026
